defaultProfilePic,role,name,surname,username,password,facultyId,majorId,teacherId,false,2024-10-16 04:03:36
default-profile-pic.png,ผู้ดูแลระบบ,ชัยยงค์,คึมยะราช,admin,$2a$10$a2Oba9S39GA4c4IDT6cZZecXeT8G0jVtdA6jKp6L3RwEB2tchCyLe,,,,true,2024-10-19 02:41:24
default-profile-pic.png,เจ้าหน้าที่คณะ,เก่งชัย,สู้งาน,kengchai,password,E,,,false,2023-10-15 10:30:45
default-profile-pic.png,เจ้าหน้าที่คณะ,ศรศักดิ์,มั่นคง,sornsak,password,E,,,false,2024-10-18 10:44:11
default-profile-pic.png,เจ้าหน้าที่คณะ,ธนกร,วิชัยเดช,thanakorn,password,E,,,false,2023-10-15 10:30:45
default-profile-pic.png,เจ้าหน้าที่คณะ,เกตุนุต,พรพิรมย์,ketnut,password,D,,,false,2024-10-16 16:58:11
default-profile-pic.png,เจ้าหน้าที่คณะ,กิตติพงษ์,ศรีสมบูรณ์,kittipong,password,D,,,false,2024-10-16 05:16:06
default-profile-pic.png,เจ้าหน้าที่คณะ,อรณิชา,วัฒนกุล,ornicha,password,D,,,false,2023-10-15 10:30:45
default-profile-pic.png,เจ้าหน้าที่คณะ,ศุภสุตา,ยนต์สิริ,supasuta,password,D,,,false,2024-10-19 04:40:07
default-profile-pic.png,เจ้าหน้าที่คณะ,สุพจน์,จันทรานาค,supoch,password,N,,,false,2023-10-15 10:30:45
default-profile-pic.png,เจ้าหน้าที่คณะ,วิภาวดี,เพชรน้อย,viphavadee,password,N,,,false,2023-10-15 10:30:45
default-profile-pic.png,เจ้าหน้าที่คณะ,ศศิธร,ชาญชัย,sasithorn,password,N,,,false,2023-10-15 10:30:45
default-profile-pic.png,เจ้าหน้าที่ภาควิชา,อิงธาร,เทียมเมือง,ingtharn,password,D,D14,,false,2023-10-15 10:30:45
default-profile-pic.png,เจ้าหน้าที่ภาควิชา,สุนทร,พันธุ์ยืน,sunthorn,password,E,E06,,false,2023-10-15 10:30:45
default-profile-pic.png,เจ้าหน้าที่ภาควิชา,กิตติ,พวงประเสริฐ,kitti,password,E,E06,,false,2023-10-15 10:30:45
default-profile-pic.png,เจ้าหน้าที่ภาควิชา,ชลิต,ศรีสุข,chalit,password,E,E06,,false,2023-10-15 10:30:45
default-profile-pic.png,เจ้าหน้าที่ภาควิชา,พัชรินทร์,เจริญศรี,pacharin,password,E,E05,,false,2023-10-15 10:30:45
default-profile-pic.png,เจ้าหน้าที่ภาควิชา,อัมรินทร์,จันทร์นาค,amarin,password,E,E05,,false,2023-10-15 10:30:45
default-profile-pic.png,เจ้าหน้าที่ภาควิชา,ธนวัฒน์,ภูมิธรรม,thanawat,password,E,E03,,false,2023-10-15 10:30:45
default-profile-pic.png,เจ้าหน้าที่ภาควิชา,พิมพ์ชนก,วัฒนกุลม,pimchanok,password,E,E03,,false,2023-10-15 10:30:45
default-profile-pic.png,เจ้าหน้าที่ภาควิชา,อุษา,สุทธิวรรณ,usa,password,E,E03,,false,2023-10-15 10:30:45
default-profile-pic.png,เจ้าหน้าที่ภาควิชา,วิทยา,โชคชัย,wittaya,password,D,D14,,false,2023-10-15 10:30:45
default-profile-pic.png,เจ้าหน้าที่ภาควิชา,จุฑามาศ,สวัสดิ์สุข,juthamas,password,D,D14,,false,2023-10-15 10:30:45
default-profile-pic.png,เจ้าหน้าที่ภาควิชา,ปรัชญา,ศรีอำพัน,prachya,password,D,D14,,false,2023-10-15 10:30:45
default-profile-pic.png,เจ้าหน้าที่ภาควิชา,สุทธิพงศ์,หาญณรงค์,suthipong,password,D,D04,,false,2023-10-15 10:30:45
default-profile-pic.png,เจ้าหน้าที่ภาควิชา,จิตติ,กิตติวัฒน์,jitti,password,D,D04,,false,2023-10-15 10:30:45
default-profile-pic.png,เจ้าหน้าที่ภาควิชา,ภูมิพัฒน์,สวนเสนา,pomput,password,D,D07,,false,2023-10-15 10:30:45
default-profile-pic.png,เจ้าหน้าที่ภาควิชา,อรทัย,ศุภอุดม,orathai,password,D,D07,,false,2023-10-15 10:30:45
default-profile-pic.png,เจ้าหน้าที่ภาควิชา,นิพนธ์,ทองประเสริฐ,niphon,password,N,N01,,false,2023-10-15 10:30:45
default-profile-pic.png,เจ้าหน้าที่ภาควิชา,นันทิยา,นวลจันทร์,nantiya,password,N,N01,,false,2023-10-15 10:30:45
default-profile-pic.png,เจ้าหน้าที่ภาควิชา,ชลธิชา,โพธิ์ทอง,chonthicha,password,N,N01,,false,2023-10-15 10:30:45
default-profile-pic.png,เจ้าหน้าที่ภาควิชา,เทิดศักดิ์,จันทร์ทอง,tedsak,password,N,N04,,false,2023-10-15 10:30:45
default-profile-pic.png,เจ้าหน้าที่ภาควิชา,กานต์พิชชา,ชูตระกูล,kanpicha,password,N,N04,,false,2023-10-15 10:30:45
default-profile-pic.png,เจ้าหน้าที่ภาควิชา,อาทิตยา,คำพล,athiya,password,N,N05,,false,2023-10-15 10:30:45
default-profile-pic.png,เจ้าหน้าที่ภาควิชา,วรชัย,คำหอม,worachai,password,N,N05,,false,2023-10-15 10:30:45
default-profile-pic.png,อาจารย์ที่ปรึกษา,อภิชัย,จอมเกาะ,apichai.j,password,D,D14,D1401,false,2024-10-18 15:48:46
default-profile-pic.png,อาจารย์ที่ปรึกษา,ศศินา,ประชุมเชื้อ,sasinap123,password,D,D14,D1402,false,2023-10-15 10:30:45
default-profile-pic.png,อาจารย์ที่ปรึกษา,วาสิตา,มหรรณพากร,vasitama456,password,D,D04,D0401,false,2023-10-15 10:30:45
default-profile-pic.png,อาจารย์ที่ปรึกษา,ปิยวัฒน์,พิมแสน,piyawatp789,password,D,D04,D0402,false,2023-10-15 10:30:45
default-profile-pic.png,อาจารย์ที่ปรึกษา,ริสา,บำรุงกุล,risab567,password,D,D07,D0701,false,2023-10-15 10:30:45
default-profile-pic.png,อาจารย์ที่ปรึกษา,ศิริรัตน์,หาญบัว,sirirath789,password,D,D07,D0702,false,2023-10-15 10:30:45
default-profile-pic.png,อาจารย์ที่ปรึกษา,ณัฐพงศ์,ศรีลา,nattaponl321,password,E,E06,E0601,false,2023-10-15 10:30:45
default-profile-pic.png,อาจารย์ที่ปรึกษา,พรรณนิภา,ฟองชัย,pannichf789,password,E,E06,E0602,false,2023-10-15 10:30:45
default-profile-pic.png,อาจารย์ที่ปรึกษา,ชนาธิป,พรพินิจ,chanatip999,password,E,E05,E0501,false,2023-10-15 10:30:45
default-profile-pic.png,อาจารย์ที่ปรึกษา,พลาธิป,พงษ์อนุกูล,platipp123,password,E,E05,E0502,false,2023-10-15 10:30:45
default-profile-pic.png,อาจารย์ที่ปรึกษา,ณัฐพร,แพรเพ็ชร,nattaponp456,password,E,E03,E0301,false,2023-10-15 10:30:45
default-profile-pic.png,อาจารย์ที่ปรึกษา,ภัทรวดี,เพ็ชรรักษ์,patvdper789,password,E,E03,E0302,false,2023-10-15 10:30:45
default-profile-pic.png,อาจารย์ที่ปรึกษา,กานน,อิทธิดี,kannit789,password,N,N01,N0101,false,2023-10-15 10:30:45
default-profile-pic.png,อาจารย์ที่ปรึกษา,พรณิชา,เอาฤกษ์,pornich789,password,N,N01,N0102,false,2023-10-15 10:30:45
default-profile-pic.png,อาจารย์ที่ปรึกษา,กานธิชา,มงคลพร,ganthich555,password,N,N04,N0401,false,2023-10-15 10:30:45
default-profile-pic.png,อาจารย์ที่ปรึกษา,วิชญาภรณ์,สุขใจ,wichayap567,password,N,N04,N0402,false,2023-10-15 10:30:45
default-profile-pic.png,อาจารย์ที่ปรึกษา,นภัสสร,ประเสริฐกุล,napatsorn456,password,N,N05,N0501,false,2023-10-15 10:30:45
default-profile-pic.png,อาจารย์ที่ปรึกษา,ดวงกมล,สินธุพาน,duangkamol123,password,N,N05,N0502,false,2023-10-15 10:30:45
